id,name,email,city,amount,note,tags,active
0,User 0,user0@example.com,Amsterdam,0.0,"said ""hi"", then left","a,b,c",true
1,User 1,user1@example.com,Bratislava,37.1,plain note 1,solo,false
2,User 2,user2@example.com,Zürich,74.2,plain note 2,solo,true
3,User 3,user3@example.com,København,111.3,plain note 3,"a,b,c",false
4,User 4,user4@example.com,Москва,148.4,plain note 4,solo,true
5,User 5,user5@example.com,東京,185.5,plain note 5,solo,false
6,User 6,user6@example.com,Paris,222.6,plain note 6,"a,b,c",true
7,User 7,user7@example.com,Lima,259.7,"said ""hi"", then left",solo,false
8,User 8,user8@example.com,Amsterdam,296.8,plain note 8,solo,true
9,User 9,user9@example.com,Bratislava,333.9,plain note 9,"a,b,c",false
10,User 10,user10@example.com,Zürich,370.10,plain note 10,solo,true
11,User 11,user11@example.com,København,407.11,"line one
line two",solo,false
12,User 12,user12@example.com,Москва,444.12,plain note 12,"a,b,c",true
13,User 13,user13@example.com,東京,481.13,plain note 13,solo,false
14,User 14,user14@example.com,Paris,518.14,"said ""hi"", then left",solo,true
15,User 15,user15@example.com,Lima,555.15,plain note 15,"a,b,c",false
16,User 16,user16@example.com,Amsterdam,592.16,plain note 16,solo,true
17,User 17,user17@example.com,Bratislava,629.17,plain note 17,solo,false
18,User 18,user18@example.com,Zürich,666.18,plain note 18,"a,b,c",true
19,User 19,user19@example.com,København,703.19,plain note 19,solo,false
20,User 20,user20@example.com,Москва,740.20,plain note 20,solo,true
21,User 21,user21@example.com,東京,777.21,"said ""hi"", then left","a,b,c",false
22,User 22,user22@example.com,Paris,814.22,"line one
line two",solo,true
23,User 23,user23@example.com,Lima,851.23,plain note 23,solo,false
24,User 24,user24@example.com,Amsterdam,888.24,plain note 24,"a,b,c",true
25,User 25,user25@example.com,Bratislava,925.25,plain note 25,solo,false
26,User 26,user26@example.com,Zürich,962.26,plain note 26,solo,true
27,User 27,user27@example.com,København,999.27,plain note 27,"a,b,c",false
28,User 28,user28@example.com,Москва,1036.28,"said ""hi"", then left",solo,true
29,User 29,user29@example.com,東京,1073.29,plain note 29,solo,false
30,User 30,user30@example.com,Paris,1110.30,plain note 30,"a,b,c",true
31,User 31,user31@example.com,Lima,1147.31,plain note 31,solo,false
32,User 32,user32@example.com,Amsterdam,1184.32,plain note 32,solo,true
33,User 33,user33@example.com,Bratislava,1221.33,"line one
line two","a,b,c",false
34,User 34,user34@example.com,Zürich,1258.34,plain note 34,solo,true
35,User 35,user35@example.com,København,1295.35,"said ""hi"", then left",solo,false
36,User 36,user36@example.com,Москва,1332.36,plain note 36,"a,b,c",true
37,User 37,user37@example.com,東京,1369.37,plain note 37,solo,false
38,User 38,user38@example.com,Paris,1406.38,plain note 38,solo,true
39,User 39,user39@example.com,Lima,1443.39,plain note 39,"a,b,c",false
40,User 40,user40@example.com,Amsterdam,1480.40,plain note 40,solo,true
41,User 41,user41@example.com,Bratislava,1517.41,plain note 41,solo,false
42,User 42,user42@example.com,Zürich,1554.42,"said ""hi"", then left","a,b,c",true
43,User 43,user43@example.com,København,1591.43,plain note 43,solo,false
44,User 44,user44@example.com,Москва,1628.44,"line one
line two",solo,true
45,User 45,user45@example.com,東京,1665.45,plain note 45,"a,b,c",false
46,User 46,user46@example.com,Paris,1702.46,plain note 46,solo,true
47,User 47,user47@example.com,Lima,1739.47,plain note 47,solo,false
48,User 48,user48@example.com,Amsterdam,1776.48,plain note 48,"a,b,c",true
49,User 49,user49@example.com,Bratislava,1813.49,"said ""hi"", then left",solo,false
50,User 50,user50@example.com,Zürich,1850.50,plain note 50,solo,true
51,User 51,user51@example.com,København,1887.51,plain note 51,"a,b,c",false
52,User 52,user52@example.com,Москва,1924.52,plain note 52,solo,true
53,User 53,user53@example.com,東京,1961.53,plain note 53,solo,false
54,User 54,user54@example.com,Paris,1998.54,plain note 54,"a,b,c",true
55,User 55,user55@example.com,Lima,2035.55,"line one
line two",solo,false
56,User 56,user56@example.com,Amsterdam,2072.56,"said ""hi"", then left",solo,true
57,User 57,user57@example.com,Bratislava,2109.57,plain note 57,"a,b,c",false
58,User 58,user58@example.com,Zürich,2146.58,plain note 58,solo,true
59,User 59,user59@example.com,København,2183.59,plain note 59,solo,false
60,User 60,user60@example.com,Москва,2220.60,plain note 60,"a,b,c",true
61,User 61,user61@example.com,東京,2257.61,plain note 61,solo,false
62,User 62,user62@example.com,Paris,2294.62,plain note 62,solo,true
63,User 63,user63@example.com,Lima,2331.63,"said ""hi"", then left","a,b,c",false
64,User 64,user64@example.com,Amsterdam,2368.64,plain note 64,solo,true
65,User 65,user65@example.com,Bratislava,2405.65,plain note 65,solo,false
66,User 66,user66@example.com,Zürich,2442.66,"line one
line two","a,b,c",true
67,User 67,user67@example.com,København,2479.67,plain note 67,solo,false
68,User 68,user68@example.com,Москва,2516.68,plain note 68,solo,true
69,User 69,user69@example.com,東京,2553.69,plain note 69,"a,b,c",false
70,User 70,user70@example.com,Paris,2590.70,"said ""hi"", then left",solo,true
71,User 71,user71@example.com,Lima,2627.71,plain note 71,solo,false
72,User 72,user72@example.com,Amsterdam,2664.72,plain note 72,"a,b,c",true
73,User 73,user73@example.com,Bratislava,2701.73,plain note 73,solo,false
74,User 74,user74@example.com,Zürich,2738.74,plain note 74,solo,true
75,User 75,user75@example.com,København,2775.75,plain note 75,"a,b,c",false
76,User 76,user76@example.com,Москва,2812.76,plain note 76,solo,true
77,User 77,user77@example.com,東京,2849.77,"said ""hi"", then left",solo,false
78,User 78,user78@example.com,Paris,2886.78,plain note 78,"a,b,c",true
79,User 79,user79@example.com,Lima,2923.79,plain note 79,solo,false
80,User 80,user80@example.com,Amsterdam,2960.80,plain note 80,solo,true
81,User 81,user81@example.com,Bratislava,2997.81,plain note 81,"a,b,c",false
82,User 82,user82@example.com,Zürich,3034.82,plain note 82,solo,true
83,User 83,user83@example.com,København,3071.83,plain note 83,solo,false
84,User 84,user84@example.com,Москва,3108.84,"said ""hi"", then left","a,b,c",true
85,User 85,user85@example.com,東京,3145.85,plain note 85,solo,false
86,User 86,user86@example.com,Paris,3182.86,plain note 86,solo,true
87,User 87,user87@example.com,Lima,3219.87,plain note 87,"a,b,c",false
88,User 88,user88@example.com,Amsterdam,3256.88,"line one
line two",solo,true
89,User 89,user89@example.com,Bratislava,3293.89,plain note 89,solo,false
90,User 90,user90@example.com,Zürich,3330.90,plain note 90,"a,b,c",true
91,User 91,user91@example.com,København,3367.91,"said ""hi"", then left",solo,false
92,User 92,user92@example.com,Москва,3404.92,plain note 92,solo,true
93,User 93,user93@example.com,東京,3441.93,plain note 93,"a,b,c",false
94,User 94,user94@example.com,Paris,3478.94,plain note 94,solo,true
95,User 95,user95@example.com,Lima,3515.95,plain note 95,solo,false
96,User 96,user96@example.com,Amsterdam,3552.96,plain note 96,"a,b,c",true
97,User 97,user97@example.com,Bratislava,3589.97,plain note 97,solo,false
98,User 98,user98@example.com,Zürich,3626.98,"said ""hi"", then left",solo,true
99,User 99,user99@example.com,København,3663.99,"line one
line two","a,b,c",false
100,User 100,user100@example.com,Москва,3700.0,plain note 100,solo,true
101,User 101,user101@example.com,東京,3737.1,plain note 101,solo,false
102,User 102,user102@example.com,Paris,3774.2,plain note 102,"a,b,c",true
103,User 103,user103@example.com,Lima,3811.3,plain note 103,solo,false
104,User 104,user104@example.com,Amsterdam,3848.4,plain note 104,solo,true
105,User 105,user105@example.com,Bratislava,3885.5,"said ""hi"", then left","a,b,c",false
106,User 106,user106@example.com,Zürich,3922.6,plain note 106,solo,true
107,User 107,user107@example.com,København,3959.7,plain note 107,solo,false
108,User 108,user108@example.com,Москва,3996.8,plain note 108,"a,b,c",true
109,User 109,user109@example.com,東京,4033.9,plain note 109,solo,false
110,User 110,user110@example.com,Paris,4070.10,"line one
line two",solo,true
111,User 111,user111@example.com,Lima,4107.11,plain note 111,"a,b,c",false
112,User 112,user112@example.com,Amsterdam,4144.12,"said ""hi"", then left",solo,true
113,User 113,user113@example.com,Bratislava,4181.13,plain note 113,solo,false
114,User 114,user114@example.com,Zürich,4218.14,plain note 114,"a,b,c",true
115,User 115,user115@example.com,København,4255.15,plain note 115,solo,false
116,User 116,user116@example.com,Москва,4292.16,plain note 116,solo,true
117,User 117,user117@example.com,東京,4329.17,plain note 117,"a,b,c",false
118,User 118,user118@example.com,Paris,4366.18,plain note 118,solo,true
119,User 119,user119@example.com,Lima,4403.19,"said ""hi"", then left",solo,false
120,User 120,user120@example.com,Amsterdam,4440.20,plain note 120,"a,b,c",true
121,User 121,user121@example.com,Bratislava,4477.21,"line one
line two",solo,false
122,User 122,user122@example.com,Zürich,4514.22,plain note 122,solo,true
123,User 123,user123@example.com,København,4551.23,plain note 123,"a,b,c",false
124,User 124,user124@example.com,Москва,4588.24,plain note 124,solo,true
125,User 125,user125@example.com,東京,4625.25,plain note 125,solo,false
126,User 126,user126@example.com,Paris,4662.26,"said ""hi"", then left","a,b,c",true
127,User 127,user127@example.com,Lima,4699.27,plain note 127,solo,false
128,User 128,user128@example.com,Amsterdam,4736.28,plain note 128,solo,true
129,User 129,user129@example.com,Bratislava,4773.29,plain note 129,"a,b,c",false
130,User 130,user130@example.com,Zürich,4810.30,plain note 130,solo,true
131,User 131,user131@example.com,København,4847.31,plain note 131,solo,false
132,User 132,user132@example.com,Москва,4884.32,"line one
line two","a,b,c",true
133,User 133,user133@example.com,東京,4921.33,"said ""hi"", then left",solo,false
134,User 134,user134@example.com,Paris,4958.34,plain note 134,solo,true
135,User 135,user135@example.com,Lima,4995.35,plain note 135,"a,b,c",false
136,User 136,user136@example.com,Amsterdam,5032.36,plain note 136,solo,true
137,User 137,user137@example.com,Bratislava,5069.37,plain note 137,solo,false
138,User 138,user138@example.com,Zürich,5106.38,plain note 138,"a,b,c",true
139,User 139,user139@example.com,København,5143.39,plain note 139,solo,false
140,User 140,user140@example.com,Москва,5180.40,"said ""hi"", then left",solo,true
141,User 141,user141@example.com,東京,5217.41,plain note 141,"a,b,c",false
142,User 142,user142@example.com,Paris,5254.42,plain note 142,solo,true
143,User 143,user143@example.com,Lima,5291.43,"line one
line two",solo,false
144,User 144,user144@example.com,Amsterdam,5328.44,plain note 144,"a,b,c",true
145,User 145,user145@example.com,Bratislava,5365.45,plain note 145,solo,false
146,User 146,user146@example.com,Zürich,5402.46,plain note 146,solo,true
147,User 147,user147@example.com,København,5439.47,"said ""hi"", then left","a,b,c",false
148,User 148,user148@example.com,Москва,5476.48,plain note 148,solo,true
149,User 149,user149@example.com,東京,5513.49,plain note 149,solo,false
150,User 150,user150@example.com,Paris,5550.50,plain note 150,"a,b,c",true
151,User 151,user151@example.com,Lima,5587.51,plain note 151,solo,false
152,User 152,user152@example.com,Amsterdam,5624.52,plain note 152,solo,true
153,User 153,user153@example.com,Bratislava,5661.53,plain note 153,"a,b,c",false
154,User 154,user154@example.com,Zürich,5698.54,"said ""hi"", then left",solo,true
155,User 155,user155@example.com,København,5735.55,plain note 155,solo,false
156,User 156,user156@example.com,Москва,5772.56,plain note 156,"a,b,c",true
157,User 157,user157@example.com,東京,5809.57,plain note 157,solo,false
158,User 158,user158@example.com,Paris,5846.58,plain note 158,solo,true
159,User 159,user159@example.com,Lima,5883.59,plain note 159,"a,b,c",false
160,User 160,user160@example.com,Amsterdam,5920.60,plain note 160,solo,true
161,User 161,user161@example.com,Bratislava,5957.61,"said ""hi"", then left",solo,false
162,User 162,user162@example.com,Zürich,5994.62,plain note 162,"a,b,c",true
163,User 163,user163@example.com,København,6031.63,plain note 163,solo,false
164,User 164,user164@example.com,Москва,6068.64,plain note 164,solo,true
165,User 165,user165@example.com,東京,6105.65,"line one
line two","a,b,c",false
166,User 166,user166@example.com,Paris,6142.66,plain note 166,solo,true
167,User 167,user167@example.com,Lima,6179.67,plain note 167,solo,false
168,User 168,user168@example.com,Amsterdam,6216.68,"said ""hi"", then left","a,b,c",true
169,User 169,user169@example.com,Bratislava,6253.69,plain note 169,solo,false
170,User 170,user170@example.com,Zürich,6290.70,plain note 170,solo,true
171,User 171,user171@example.com,København,6327.71,plain note 171,"a,b,c",false
172,User 172,user172@example.com,Москва,6364.72,plain note 172,solo,true
173,User 173,user173@example.com,東京,6401.73,plain note 173,solo,false
174,User 174,user174@example.com,Paris,6438.74,plain note 174,"a,b,c",true
175,User 175,user175@example.com,Lima,6475.75,"said ""hi"", then left",solo,false
176,User 176,user176@example.com,Amsterdam,6512.76,"line one
line two",solo,true
177,User 177,user177@example.com,Bratislava,6549.77,plain note 177,"a,b,c",false
178,User 178,user178@example.com,Zürich,6586.78,plain note 178,solo,true
179,User 179,user179@example.com,København,6623.79,plain note 179,solo,false
180,User 180,user180@example.com,Москва,6660.80,plain note 180,"a,b,c",true
181,User 181,user181@example.com,東京,6697.81,plain note 181,solo,false
182,User 182,user182@example.com,Paris,6734.82,"said ""hi"", then left",solo,true
183,User 183,user183@example.com,Lima,6771.83,plain note 183,"a,b,c",false
184,User 184,user184@example.com,Amsterdam,6808.84,plain note 184,solo,true
185,User 185,user185@example.com,Bratislava,6845.85,plain note 185,solo,false
186,User 186,user186@example.com,Zürich,6882.86,plain note 186,"a,b,c",true
187,User 187,user187@example.com,København,6919.87,"line one
line two",solo,false
188,User 188,user188@example.com,Москва,6956.88,plain note 188,solo,true
189,User 189,user189@example.com,東京,6993.89,"said ""hi"", then left","a,b,c",false
190,User 190,user190@example.com,Paris,7030.90,plain note 190,solo,true
191,User 191,user191@example.com,Lima,7067.91,plain note 191,solo,false
192,User 192,user192@example.com,Amsterdam,7104.92,plain note 192,"a,b,c",true
193,User 193,user193@example.com,Bratislava,7141.93,plain note 193,solo,false
194,User 194,user194@example.com,Zürich,7178.94,plain note 194,solo,true
195,User 195,user195@example.com,København,7215.95,plain note 195,"a,b,c",false
196,User 196,user196@example.com,Москва,7252.96,"said ""hi"", then left",solo,true
197,User 197,user197@example.com,東京,7289.97,plain note 197,solo,false
198,User 198,user198@example.com,Paris,7326.98,"line one
line two","a,b,c",true
199,User 199,user199@example.com,Lima,7363.99,plain note 199,solo,false
200,User 200,user200@example.com,Amsterdam,7400.0,plain note 200,solo,true
201,User 201,user201@example.com,Bratislava,7437.1,plain note 201,"a,b,c",false
202,User 202,user202@example.com,Zürich,7474.2,plain note 202,solo,true
203,User 203,user203@example.com,København,7511.3,"said ""hi"", then left",solo,false
204,User 204,user204@example.com,Москва,7548.4,plain note 204,"a,b,c",true
205,User 205,user205@example.com,東京,7585.5,plain note 205,solo,false
206,User 206,user206@example.com,Paris,7622.6,plain note 206,solo,true
207,User 207,user207@example.com,Lima,7659.7,plain note 207,"a,b,c",false
208,User 208,user208@example.com,Amsterdam,7696.8,plain note 208,solo,true
209,User 209,user209@example.com,Bratislava,7733.9,"line one
line two",solo,false
210,User 210,user210@example.com,Zürich,7770.10,"said ""hi"", then left","a,b,c",true
211,User 211,user211@example.com,København,7807.11,plain note 211,solo,false
212,User 212,user212@example.com,Москва,7844.12,plain note 212,solo,true
213,User 213,user213@example.com,東京,7881.13,plain note 213,"a,b,c",false
214,User 214,user214@example.com,Paris,7918.14,plain note 214,solo,true
215,User 215,user215@example.com,Lima,7955.15,plain note 215,solo,false
216,User 216,user216@example.com,Amsterdam,7992.16,plain note 216,"a,b,c",true
217,User 217,user217@example.com,Bratislava,8029.17,"said ""hi"", then left",solo,false
218,User 218,user218@example.com,Zürich,8066.18,plain note 218,solo,true
219,User 219,user219@example.com,København,8103.19,plain note 219,"a,b,c",false
220,User 220,user220@example.com,Москва,8140.20,"line one
line two",solo,true
221,User 221,user221@example.com,東京,8177.21,plain note 221,solo,false
222,User 222,user222@example.com,Paris,8214.22,plain note 222,"a,b,c",true
223,User 223,user223@example.com,Lima,8251.23,plain note 223,solo,false
224,User 224,user224@example.com,Amsterdam,8288.24,"said ""hi"", then left",solo,true
225,User 225,user225@example.com,Bratislava,8325.25,plain note 225,"a,b,c",false
226,User 226,user226@example.com,Zürich,8362.26,plain note 226,solo,true
227,User 227,user227@example.com,København,8399.27,plain note 227,solo,false
228,User 228,user228@example.com,Москва,8436.28,plain note 228,"a,b,c",true
229,User 229,user229@example.com,東京,8473.29,plain note 229,solo,false
230,User 230,user230@example.com,Paris,8510.30,plain note 230,solo,true
231,User 231,user231@example.com,Lima,8547.31,"said ""hi"", then left","a,b,c",false
232,User 232,user232@example.com,Amsterdam,8584.32,plain note 232,solo,true
233,User 233,user233@example.com,Bratislava,8621.33,plain note 233,solo,false
234,User 234,user234@example.com,Zürich,8658.34,plain note 234,"a,b,c",true
235,User 235,user235@example.com,København,8695.35,plain note 235,solo,false
236,User 236,user236@example.com,Москва,8732.36,plain note 236,solo,true
237,User 237,user237@example.com,東京,8769.37,plain note 237,"a,b,c",false
238,User 238,user238@example.com,Paris,8806.38,"said ""hi"", then left",solo,true
239,User 239,user239@example.com,Lima,8843.39,plain note 239,solo,false
240,User 240,user240@example.com,Amsterdam,8880.40,plain note 240,"a,b,c",true
241,User 241,user241@example.com,Bratislava,8917.41,plain note 241,solo,false
242,User 242,user242@example.com,Zürich,8954.42,"line one
line two",solo,true
243,User 243,user243@example.com,København,8991.43,plain note 243,"a,b,c",false
244,User 244,user244@example.com,Москва,9028.44,plain note 244,solo,true
245,User 245,user245@example.com,東京,9065.45,"said ""hi"", then left",solo,false
246,User 246,user246@example.com,Paris,9102.46,plain note 246,"a,b,c",true
247,User 247,user247@example.com,Lima,9139.47,plain note 247,solo,false
248,User 248,user248@example.com,Amsterdam,9176.48,plain note 248,solo,true
249,User 249,user249@example.com,Bratislava,9213.49,plain note 249,"a,b,c",false
250,User 250,user250@example.com,Zürich,9250.50,plain note 250,solo,true
251,User 251,user251@example.com,København,9287.51,plain note 251,solo,false
252,User 252,user252@example.com,Москва,9324.52,"said ""hi"", then left","a,b,c",true
253,User 253,user253@example.com,東京,9361.53,"line one
line two",solo,false
254,User 254,user254@example.com,Paris,9398.54,plain note 254,solo,true
255,User 255,user255@example.com,Lima,9435.55,plain note 255,"a,b,c",false
256,User 256,user256@example.com,Amsterdam,9472.56,plain note 256,solo,true
257,User 257,user257@example.com,Bratislava,9509.57,plain note 257,solo,false
258,User 258,user258@example.com,Zürich,9546.58,plain note 258,"a,b,c",true
259,User 259,user259@example.com,København,9583.59,"said ""hi"", then left",solo,false
260,User 260,user260@example.com,Москва,9620.60,plain note 260,solo,true
261,User 261,user261@example.com,東京,9657.61,plain note 261,"a,b,c",false
262,User 262,user262@example.com,Paris,9694.62,plain note 262,solo,true
263,User 263,user263@example.com,Lima,9731.63,plain note 263,solo,false
264,User 264,user264@example.com,Amsterdam,9768.64,"line one
line two","a,b,c",true
265,User 265,user265@example.com,Bratislava,9805.65,plain note 265,solo,false
266,User 266,user266@example.com,Zürich,9842.66,"said ""hi"", then left",solo,true
267,User 267,user267@example.com,København,9879.67,plain note 267,"a,b,c",false
268,User 268,user268@example.com,Москва,9916.68,plain note 268,solo,true
269,User 269,user269@example.com,東京,9953.69,plain note 269,solo,false
270,User 270,user270@example.com,Paris,9990.70,plain note 270,"a,b,c",true
271,User 271,user271@example.com,Lima,27.71,plain note 271,solo,false
272,User 272,user272@example.com,Amsterdam,64.72,plain note 272,solo,true
273,User 273,user273@example.com,Bratislava,101.73,"said ""hi"", then left","a,b,c",false
274,User 274,user274@example.com,Zürich,138.74,plain note 274,solo,true
275,User 275,user275@example.com,København,175.75,"line one
line two",solo,false
276,User 276,user276@example.com,Москва,212.76,plain note 276,"a,b,c",true
277,User 277,user277@example.com,東京,249.77,plain note 277,solo,false
278,User 278,user278@example.com,Paris,286.78,plain note 278,solo,true
279,User 279,user279@example.com,Lima,323.79,plain note 279,"a,b,c",false
280,User 280,user280@example.com,Amsterdam,360.80,"said ""hi"", then left",solo,true
281,User 281,user281@example.com,Bratislava,397.81,plain note 281,solo,false
282,User 282,user282@example.com,Zürich,434.82,plain note 282,"a,b,c",true
283,User 283,user283@example.com,København,471.83,plain note 283,solo,false
284,User 284,user284@example.com,Москва,508.84,plain note 284,solo,true
285,User 285,user285@example.com,東京,545.85,plain note 285,"a,b,c",false
286,User 286,user286@example.com,Paris,582.86,"line one
line two",solo,true
287,User 287,user287@example.com,Lima,619.87,"said ""hi"", then left",solo,false
288,User 288,user288@example.com,Amsterdam,656.88,plain note 288,"a,b,c",true
289,User 289,user289@example.com,Bratislava,693.89,plain note 289,solo,false
290,User 290,user290@example.com,Zürich,730.90,plain note 290,solo,true
291,User 291,user291@example.com,København,767.91,plain note 291,"a,b,c",false
292,User 292,user292@example.com,Москва,804.92,plain note 292,solo,true
293,User 293,user293@example.com,東京,841.93,plain note 293,solo,false
294,User 294,user294@example.com,Paris,878.94,"said ""hi"", then left","a,b,c",true
295,User 295,user295@example.com,Lima,915.95,plain note 295,solo,false
296,User 296,user296@example.com,Amsterdam,952.96,plain note 296,solo,true
297,User 297,user297@example.com,Bratislava,989.97,"line one
line two","a,b,c",false
298,User 298,user298@example.com,Zürich,1026.98,plain note 298,solo,true
299,User 299,user299@example.com,København,1063.99,plain note 299,solo,false
300,User 300,user300@example.com,Москва,1100.0,plain note 300,"a,b,c",true
301,User 301,user301@example.com,東京,1137.1,"said ""hi"", then left",solo,false
302,User 302,user302@example.com,Paris,1174.2,plain note 302,solo,true
303,User 303,user303@example.com,Lima,1211.3,plain note 303,"a,b,c",false
304,User 304,user304@example.com,Amsterdam,1248.4,plain note 304,solo,true
305,User 305,user305@example.com,Bratislava,1285.5,plain note 305,solo,false
306,User 306,user306@example.com,Zürich,1322.6,plain note 306,"a,b,c",true
307,User 307,user307@example.com,København,1359.7,plain note 307,solo,false
308,User 308,user308@example.com,Москва,1396.8,"said ""hi"", then left",solo,true
309,User 309,user309@example.com,東京,1433.9,plain note 309,"a,b,c",false
310,User 310,user310@example.com,Paris,1470.10,plain note 310,solo,true
311,User 311,user311@example.com,Lima,1507.11,plain note 311,solo,false
312,User 312,user312@example.com,Amsterdam,1544.12,plain note 312,"a,b,c",true
313,User 313,user313@example.com,Bratislava,1581.13,plain note 313,solo,false
314,User 314,user314@example.com,Zürich,1618.14,plain note 314,solo,true
315,User 315,user315@example.com,København,1655.15,"said ""hi"", then left","a,b,c",false
316,User 316,user316@example.com,Москва,1692.16,plain note 316,solo,true
317,User 317,user317@example.com,東京,1729.17,plain note 317,solo,false
318,User 318,user318@example.com,Paris,1766.18,plain note 318,"a,b,c",true
319,User 319,user319@example.com,Lima,1803.19,"line one
line two",solo,false
320,User 320,user320@example.com,Amsterdam,1840.20,plain note 320,solo,true
321,User 321,user321@example.com,Bratislava,1877.21,plain note 321,"a,b,c",false
322,User 322,user322@example.com,Zürich,1914.22,"said ""hi"", then left",solo,true
323,User 323,user323@example.com,København,1951.23,plain note 323,solo,false
324,User 324,user324@example.com,Москва,1988.24,plain note 324,"a,b,c",true
325,User 325,user325@example.com,東京,2025.25,plain note 325,solo,false
326,User 326,user326@example.com,Paris,2062.26,plain note 326,solo,true
327,User 327,user327@example.com,Lima,2099.27,plain note 327,"a,b,c",false
328,User 328,user328@example.com,Amsterdam,2136.28,plain note 328,solo,true
329,User 329,user329@example.com,Bratislava,2173.29,"said ""hi"", then left",solo,false
330,User 330,user330@example.com,Zürich,2210.30,"line one
line two","a,b,c",true
331,User 331,user331@example.com,København,2247.31,plain note 331,solo,false
332,User 332,user332@example.com,Москва,2284.32,plain note 332,solo,true
333,User 333,user333@example.com,東京,2321.33,plain note 333,"a,b,c",false
334,User 334,user334@example.com,Paris,2358.34,plain note 334,solo,true
335,User 335,user335@example.com,Lima,2395.35,plain note 335,solo,false
336,User 336,user336@example.com,Amsterdam,2432.36,"said ""hi"", then left","a,b,c",true
337,User 337,user337@example.com,Bratislava,2469.37,plain note 337,solo,false
338,User 338,user338@example.com,Zürich,2506.38,plain note 338,solo,true
339,User 339,user339@example.com,København,2543.39,plain note 339,"a,b,c",false
340,User 340,user340@example.com,Москва,2580.40,plain note 340,solo,true
341,User 341,user341@example.com,東京,2617.41,"line one
line two",solo,false
342,User 342,user342@example.com,Paris,2654.42,plain note 342,"a,b,c",true
343,User 343,user343@example.com,Lima,2691.43,"said ""hi"", then left",solo,false
344,User 344,user344@example.com,Amsterdam,2728.44,plain note 344,solo,true
345,User 345,user345@example.com,Bratislava,2765.45,plain note 345,"a,b,c",false
346,User 346,user346@example.com,Zürich,2802.46,plain note 346,solo,true
347,User 347,user347@example.com,København,2839.47,plain note 347,solo,false
348,User 348,user348@example.com,Москва,2876.48,plain note 348,"a,b,c",true
349,User 349,user349@example.com,東京,2913.49,plain note 349,solo,false
350,User 350,user350@example.com,Paris,2950.50,"said ""hi"", then left",solo,true
351,User 351,user351@example.com,Lima,2987.51,plain note 351,"a,b,c",false
352,User 352,user352@example.com,Amsterdam,3024.52,"line one
line two",solo,true
353,User 353,user353@example.com,Bratislava,3061.53,plain note 353,solo,false
354,User 354,user354@example.com,Zürich,3098.54,plain note 354,"a,b,c",true
355,User 355,user355@example.com,København,3135.55,plain note 355,solo,false
356,User 356,user356@example.com,Москва,3172.56,plain note 356,solo,true
357,User 357,user357@example.com,東京,3209.57,"said ""hi"", then left","a,b,c",false
358,User 358,user358@example.com,Paris,3246.58,plain note 358,solo,true
359,User 359,user359@example.com,Lima,3283.59,plain note 359,solo,false
360,User 360,user360@example.com,Amsterdam,3320.60,plain note 360,"a,b,c",true
361,User 361,user361@example.com,Bratislava,3357.61,plain note 361,solo,false
362,User 362,user362@example.com,Zürich,3394.62,plain note 362,solo,true
363,User 363,user363@example.com,København,3431.63,"line one
line two","a,b,c",false
364,User 364,user364@example.com,Москва,3468.64,"said ""hi"", then left",solo,true
365,User 365,user365@example.com,東京,3505.65,plain note 365,solo,false
366,User 366,user366@example.com,Paris,3542.66,plain note 366,"a,b,c",true
367,User 367,user367@example.com,Lima,3579.67,plain note 367,solo,false
368,User 368,user368@example.com,Amsterdam,3616.68,plain note 368,solo,true
369,User 369,user369@example.com,Bratislava,3653.69,plain note 369,"a,b,c",false
370,User 370,user370@example.com,Zürich,3690.70,plain note 370,solo,true
371,User 371,user371@example.com,København,3727.71,"said ""hi"", then left",solo,false
372,User 372,user372@example.com,Москва,3764.72,plain note 372,"a,b,c",true
373,User 373,user373@example.com,東京,3801.73,plain note 373,solo,false
374,User 374,user374@example.com,Paris,3838.74,"line one
line two",solo,true
375,User 375,user375@example.com,Lima,3875.75,plain note 375,"a,b,c",false
376,User 376,user376@example.com,Amsterdam,3912.76,plain note 376,solo,true
377,User 377,user377@example.com,Bratislava,3949.77,plain note 377,solo,false
378,User 378,user378@example.com,Zürich,3986.78,"said ""hi"", then left","a,b,c",true
379,User 379,user379@example.com,København,4023.79,plain note 379,solo,false
380,User 380,user380@example.com,Москва,4060.80,plain note 380,solo,true
381,User 381,user381@example.com,東京,4097.81,plain note 381,"a,b,c",false
382,User 382,user382@example.com,Paris,4134.82,plain note 382,solo,true
383,User 383,user383@example.com,Lima,4171.83,plain note 383,solo,false
384,User 384,user384@example.com,Amsterdam,4208.84,plain note 384,"a,b,c",true
385,User 385,user385@example.com,Bratislava,4245.85,"said ""hi"", then left",solo,false
386,User 386,user386@example.com,Zürich,4282.86,plain note 386,solo,true
387,User 387,user387@example.com,København,4319.87,plain note 387,"a,b,c",false
388,User 388,user388@example.com,Москва,4356.88,plain note 388,solo,true
389,User 389,user389@example.com,東京,4393.89,plain note 389,solo,false
390,User 390,user390@example.com,Paris,4430.90,plain note 390,"a,b,c",true
391,User 391,user391@example.com,Lima,4467.91,plain note 391,solo,false
392,User 392,user392@example.com,Amsterdam,4504.92,"said ""hi"", then left",solo,true
393,User 393,user393@example.com,Bratislava,4541.93,plain note 393,"a,b,c",false
394,User 394,user394@example.com,Zürich,4578.94,plain note 394,solo,true
395,User 395,user395@example.com,København,4615.95,plain note 395,solo,false
396,User 396,user396@example.com,Москва,4652.96,"line one
line two","a,b,c",true
397,User 397,user397@example.com,東京,4689.97,plain note 397,solo,false
398,User 398,user398@example.com,Paris,4726.98,plain note 398,solo,true
399,User 399,user399@example.com,Lima,4763.99,"said ""hi"", then left","a,b,c",false
400,User 400,user400@example.com,Amsterdam,4800.0,plain note 400,solo,true
401,User 401,user401@example.com,Bratislava,4837.1,plain note 401,solo,false
402,User 402,user402@example.com,Zürich,4874.2,plain note 402,"a,b,c",true
403,User 403,user403@example.com,København,4911.3,plain note 403,solo,false
404,User 404,user404@example.com,Москва,4948.4,plain note 404,solo,true
405,User 405,user405@example.com,東京,4985.5,plain note 405,"a,b,c",false
406,User 406,user406@example.com,Paris,5022.6,"said ""hi"", then left",solo,true
407,User 407,user407@example.com,Lima,5059.7,"line one
line two",solo,false
408,User 408,user408@example.com,Amsterdam,5096.8,plain note 408,"a,b,c",true
409,User 409,user409@example.com,Bratislava,5133.9,plain note 409,solo,false
410,User 410,user410@example.com,Zürich,5170.10,plain note 410,solo,true
411,User 411,user411@example.com,København,5207.11,plain note 411,"a,b,c",false
412,User 412,user412@example.com,Москва,5244.12,plain note 412,solo,true
413,User 413,user413@example.com,東京,5281.13,"said ""hi"", then left",solo,false
414,User 414,user414@example.com,Paris,5318.14,plain note 414,"a,b,c",true
415,User 415,user415@example.com,Lima,5355.15,plain note 415,solo,false
416,User 416,user416@example.com,Amsterdam,5392.16,plain note 416,solo,true
417,User 417,user417@example.com,Bratislava,5429.17,plain note 417,"a,b,c",false
418,User 418,user418@example.com,Zürich,5466.18,"line one
line two",solo,true
419,User 419,user419@example.com,København,5503.19,plain note 419,solo,false
420,User 420,user420@example.com,Москва,5540.20,"said ""hi"", then left","a,b,c",true
421,User 421,user421@example.com,東京,5577.21,plain note 421,solo,false
422,User 422,user422@example.com,Paris,5614.22,plain note 422,solo,true
423,User 423,user423@example.com,Lima,5651.23,plain note 423,"a,b,c",false
424,User 424,user424@example.com,Amsterdam,5688.24,plain note 424,solo,true
425,User 425,user425@example.com,Bratislava,5725.25,plain note 425,solo,false
426,User 426,user426@example.com,Zürich,5762.26,plain note 426,"a,b,c",true
427,User 427,user427@example.com,København,5799.27,"said ""hi"", then left",solo,false
428,User 428,user428@example.com,Москва,5836.28,plain note 428,solo,true
429,User 429,user429@example.com,東京,5873.29,"line one
line two","a,b,c",false
430,User 430,user430@example.com,Paris,5910.30,plain note 430,solo,true
431,User 431,user431@example.com,Lima,5947.31,plain note 431,solo,false
432,User 432,user432@example.com,Amsterdam,5984.32,plain note 432,"a,b,c",true
433,User 433,user433@example.com,Bratislava,6021.33,plain note 433,solo,false
434,User 434,user434@example.com,Zürich,6058.34,"said ""hi"", then left",solo,true
435,User 435,user435@example.com,København,6095.35,plain note 435,"a,b,c",false
436,User 436,user436@example.com,Москва,6132.36,plain note 436,solo,true
437,User 437,user437@example.com,東京,6169.37,plain note 437,solo,false
438,User 438,user438@example.com,Paris,6206.38,plain note 438,"a,b,c",true
439,User 439,user439@example.com,Lima,6243.39,plain note 439,solo,false
440,User 440,user440@example.com,Amsterdam,6280.40,"line one
line two",solo,true
441,User 441,user441@example.com,Bratislava,6317.41,"said ""hi"", then left","a,b,c",false
442,User 442,user442@example.com,Zürich,6354.42,plain note 442,solo,true
443,User 443,user443@example.com,København,6391.43,plain note 443,solo,false
444,User 444,user444@example.com,Москва,6428.44,plain note 444,"a,b,c",true
445,User 445,user445@example.com,東京,6465.45,plain note 445,solo,false
446,User 446,user446@example.com,Paris,6502.46,plain note 446,solo,true
447,User 447,user447@example.com,Lima,6539.47,plain note 447,"a,b,c",false
448,User 448,user448@example.com,Amsterdam,6576.48,"said ""hi"", then left",solo,true
449,User 449,user449@example.com,Bratislava,6613.49,plain note 449,solo,false
450,User 450,user450@example.com,Zürich,6650.50,plain note 450,"a,b,c",true
451,User 451,user451@example.com,København,6687.51,"line one
line two",solo,false
452,User 452,user452@example.com,Москва,6724.52,plain note 452,solo,true
453,User 453,user453@example.com,東京,6761.53,plain note 453,"a,b,c",false
454,User 454,user454@example.com,Paris,6798.54,plain note 454,solo,true
455,User 455,user455@example.com,Lima,6835.55,"said ""hi"", then left",solo,false
456,User 456,user456@example.com,Amsterdam,6872.56,plain note 456,"a,b,c",true
457,User 457,user457@example.com,Bratislava,6909.57,plain note 457,solo,false
458,User 458,user458@example.com,Zürich,6946.58,plain note 458,solo,true
459,User 459,user459@example.com,København,6983.59,plain note 459,"a,b,c",false
460,User 460,user460@example.com,Москва,7020.60,plain note 460,solo,true
461,User 461,user461@example.com,東京,7057.61,plain note 461,solo,false
462,User 462,user462@example.com,Paris,7094.62,"said ""hi"", then left","a,b,c",true
463,User 463,user463@example.com,Lima,7131.63,plain note 463,solo,false
464,User 464,user464@example.com,Amsterdam,7168.64,plain note 464,solo,true
465,User 465,user465@example.com,Bratislava,7205.65,plain note 465,"a,b,c",false
466,User 466,user466@example.com,Zürich,7242.66,plain note 466,solo,true
467,User 467,user467@example.com,København,7279.67,plain note 467,solo,false
468,User 468,user468@example.com,Москва,7316.68,plain note 468,"a,b,c",true
469,User 469,user469@example.com,東京,7353.69,"said ""hi"", then left",solo,false
470,User 470,user470@example.com,Paris,7390.70,plain note 470,solo,true
471,User 471,user471@example.com,Lima,7427.71,plain note 471,"a,b,c",false
472,User 472,user472@example.com,Amsterdam,7464.72,plain note 472,solo,true
473,User 473,user473@example.com,Bratislava,7501.73,"line one
line two",solo,false
474,User 474,user474@example.com,Zürich,7538.74,plain note 474,"a,b,c",true
475,User 475,user475@example.com,København,7575.75,plain note 475,solo,false
476,User 476,user476@example.com,Москва,7612.76,"said ""hi"", then left",solo,true
477,User 477,user477@example.com,東京,7649.77,plain note 477,"a,b,c",false
478,User 478,user478@example.com,Paris,7686.78,plain note 478,solo,true
479,User 479,user479@example.com,Lima,7723.79,plain note 479,solo,false
480,User 480,user480@example.com,Amsterdam,7760.80,plain note 480,"a,b,c",true
481,User 481,user481@example.com,Bratislava,7797.81,plain note 481,solo,false
482,User 482,user482@example.com,Zürich,7834.82,plain note 482,solo,true
483,User 483,user483@example.com,København,7871.83,"said ""hi"", then left","a,b,c",false
484,User 484,user484@example.com,Москва,7908.84,"line one
line two",solo,true
485,User 485,user485@example.com,東京,7945.85,plain note 485,solo,false
486,User 486,user486@example.com,Paris,7982.86,plain note 486,"a,b,c",true
487,User 487,user487@example.com,Lima,8019.87,plain note 487,solo,false
488,User 488,user488@example.com,Amsterdam,8056.88,plain note 488,solo,true
489,User 489,user489@example.com,Bratislava,8093.89,plain note 489,"a,b,c",false
490,User 490,user490@example.com,Zürich,8130.90,"said ""hi"", then left",solo,true
491,User 491,user491@example.com,København,8167.91,plain note 491,solo,false
492,User 492,user492@example.com,Москва,8204.92,plain note 492,"a,b,c",true
493,User 493,user493@example.com,東京,8241.93,plain note 493,solo,false
494,User 494,user494@example.com,Paris,8278.94,plain note 494,solo,true
495,User 495,user495@example.com,Lima,8315.95,"line one
line two","a,b,c",false
496,User 496,user496@example.com,Amsterdam,8352.96,plain note 496,solo,true
497,User 497,user497@example.com,Bratislava,8389.97,"said ""hi"", then left",solo,false
498,User 498,user498@example.com,Zürich,8426.98,plain note 498,"a,b,c",true
499,User 499,user499@example.com,København,8463.99,plain note 499,solo,false
500,User 500,user500@example.com,Москва,8500.0,plain note 500,solo,true
501,User 501,user501@example.com,東京,8537.1,plain note 501,"a,b,c",false
502,User 502,user502@example.com,Paris,8574.2,plain note 502,solo,true
503,User 503,user503@example.com,Lima,8611.3,plain note 503,solo,false
504,User 504,user504@example.com,Amsterdam,8648.4,"said ""hi"", then left","a,b,c",true
505,User 505,user505@example.com,Bratislava,8685.5,plain note 505,solo,false
506,User 506,user506@example.com,Zürich,8722.6,"line one
line two",solo,true
507,User 507,user507@example.com,København,8759.7,plain note 507,"a,b,c",false
508,User 508,user508@example.com,Москва,8796.8,plain note 508,solo,true
509,User 509,user509@example.com,東京,8833.9,plain note 509,solo,false
510,User 510,user510@example.com,Paris,8870.10,plain note 510,"a,b,c",true
511,User 511,user511@example.com,Lima,8907.11,"said ""hi"", then left",solo,false
512,User 512,user512@example.com,Amsterdam,8944.12,plain note 512,solo,true
513,User 513,user513@example.com,Bratislava,8981.13,plain note 513,"a,b,c",false
514,User 514,user514@example.com,Zürich,9018.14,plain note 514,solo,true
515,User 515,user515@example.com,København,9055.15,plain note 515,solo,false
516,User 516,user516@example.com,Москва,9092.16,plain note 516,"a,b,c",true
517,User 517,user517@example.com,東京,9129.17,"line one
line two",solo,false
518,User 518,user518@example.com,Paris,9166.18,"said ""hi"", then left",solo,true
519,User 519,user519@example.com,Lima,9203.19,plain note 519,"a,b,c",false
520,User 520,user520@example.com,Amsterdam,9240.20,plain note 520,solo,true
521,User 521,user521@example.com,Bratislava,9277.21,plain note 521,solo,false
522,User 522,user522@example.com,Zürich,9314.22,plain note 522,"a,b,c",true
523,User 523,user523@example.com,København,9351.23,plain note 523,solo,false
524,User 524,user524@example.com,Москва,9388.24,plain note 524,solo,true
525,User 525,user525@example.com,東京,9425.25,"said ""hi"", then left","a,b,c",false
526,User 526,user526@example.com,Paris,9462.26,plain note 526,solo,true
527,User 527,user527@example.com,Lima,9499.27,plain note 527,solo,false
528,User 528,user528@example.com,Amsterdam,9536.28,"line one
line two","a,b,c",true
529,User 529,user529@example.com,Bratislava,9573.29,plain note 529,solo,false
530,User 530,user530@example.com,Zürich,9610.30,plain note 530,solo,true
531,User 531,user531@example.com,København,9647.31,plain note 531,"a,b,c",false
532,User 532,user532@example.com,Москва,9684.32,"said ""hi"", then left",solo,true
533,User 533,user533@example.com,東京,9721.33,plain note 533,solo,false
534,User 534,user534@example.com,Paris,9758.34,plain note 534,"a,b,c",true
535,User 535,user535@example.com,Lima,9795.35,plain note 535,solo,false
536,User 536,user536@example.com,Amsterdam,9832.36,plain note 536,solo,true
537,User 537,user537@example.com,Bratislava,9869.37,plain note 537,"a,b,c",false
538,User 538,user538@example.com,Zürich,9906.38,plain note 538,solo,true
539,User 539,user539@example.com,København,9943.39,"said ""hi"", then left",solo,false
540,User 540,user540@example.com,Москва,9980.40,plain note 540,"a,b,c",true
541,User 541,user541@example.com,東京,17.41,plain note 541,solo,false
542,User 542,user542@example.com,Paris,54.42,plain note 542,solo,true
543,User 543,user543@example.com,Lima,91.43,plain note 543,"a,b,c",false
544,User 544,user544@example.com,Amsterdam,128.44,plain note 544,solo,true
545,User 545,user545@example.com,Bratislava,165.45,plain note 545,solo,false
546,User 546,user546@example.com,Zürich,202.46,"said ""hi"", then left","a,b,c",true
547,User 547,user547@example.com,København,239.47,plain note 547,solo,false
548,User 548,user548@example.com,Москва,276.48,plain note 548,solo,true
549,User 549,user549@example.com,東京,313.49,plain note 549,"a,b,c",false
550,User 550,user550@example.com,Paris,350.50,"line one
line two",solo,true
551,User 551,user551@example.com,Lima,387.51,plain note 551,solo,false
552,User 552,user552@example.com,Amsterdam,424.52,plain note 552,"a,b,c",true
553,User 553,user553@example.com,Bratislava,461.53,"said ""hi"", then left",solo,false
554,User 554,user554@example.com,Zürich,498.54,plain note 554,solo,true
555,User 555,user555@example.com,København,535.55,plain note 555,"a,b,c",false
556,User 556,user556@example.com,Москва,572.56,plain note 556,solo,true
557,User 557,user557@example.com,東京,609.57,plain note 557,solo,false
558,User 558,user558@example.com,Paris,646.58,plain note 558,"a,b,c",true
559,User 559,user559@example.com,Lima,683.59,plain note 559,solo,false
560,User 560,user560@example.com,Amsterdam,720.60,"said ""hi"", then left",solo,true
561,User 561,user561@example.com,Bratislava,757.61,"line one
line two","a,b,c",false
562,User 562,user562@example.com,Zürich,794.62,plain note 562,solo,true
563,User 563,user563@example.com,København,831.63,plain note 563,solo,false
564,User 564,user564@example.com,Москва,868.64,plain note 564,"a,b,c",true
565,User 565,user565@example.com,東京,905.65,plain note 565,solo,false
566,User 566,user566@example.com,Paris,942.66,plain note 566,solo,true
567,User 567,user567@example.com,Lima,979.67,"said ""hi"", then left","a,b,c",false
568,User 568,user568@example.com,Amsterdam,1016.68,plain note 568,solo,true
569,User 569,user569@example.com,Bratislava,1053.69,plain note 569,solo,false
570,User 570,user570@example.com,Zürich,1090.70,plain note 570,"a,b,c",true
571,User 571,user571@example.com,København,1127.71,plain note 571,solo,false
572,User 572,user572@example.com,Москва,1164.72,"line one
line two",solo,true
573,User 573,user573@example.com,東京,1201.73,plain note 573,"a,b,c",false
574,User 574,user574@example.com,Paris,1238.74,"said ""hi"", then left",solo,true
575,User 575,user575@example.com,Lima,1275.75,plain note 575,solo,false
576,User 576,user576@example.com,Amsterdam,1312.76,plain note 576,"a,b,c",true
577,User 577,user577@example.com,Bratislava,1349.77,plain note 577,solo,false
578,User 578,user578@example.com,Zürich,1386.78,plain note 578,solo,true
579,User 579,user579@example.com,København,1423.79,plain note 579,"a,b,c",false
580,User 580,user580@example.com,Москва,1460.80,plain note 580,solo,true
581,User 581,user581@example.com,東京,1497.81,"said ""hi"", then left",solo,false
582,User 582,user582@example.com,Paris,1534.82,plain note 582,"a,b,c",true
583,User 583,user583@example.com,Lima,1571.83,"line one
line two",solo,false
584,User 584,user584@example.com,Amsterdam,1608.84,plain note 584,solo,true
585,User 585,user585@example.com,Bratislava,1645.85,plain note 585,"a,b,c",false
586,User 586,user586@example.com,Zürich,1682.86,plain note 586,solo,true
587,User 587,user587@example.com,København,1719.87,plain note 587,solo,false
588,User 588,user588@example.com,Москва,1756.88,"said ""hi"", then left","a,b,c",true
589,User 589,user589@example.com,東京,1793.89,plain note 589,solo,false
590,User 590,user590@example.com,Paris,1830.90,plain note 590,solo,true
591,User 591,user591@example.com,Lima,1867.91,plain note 591,"a,b,c",false
592,User 592,user592@example.com,Amsterdam,1904.92,plain note 592,solo,true
593,User 593,user593@example.com,Bratislava,1941.93,plain note 593,solo,false
594,User 594,user594@example.com,Zürich,1978.94,"line one
line two","a,b,c",true
595,User 595,user595@example.com,København,2015.95,"said ""hi"", then left",solo,false
596,User 596,user596@example.com,Москва,2052.96,plain note 596,solo,true
597,User 597,user597@example.com,東京,2089.97,plain note 597,"a,b,c",false
598,User 598,user598@example.com,Paris,2126.98,plain note 598,solo,true
599,User 599,user599@example.com,Lima,2163.99,plain note 599,solo,false
600,User 600,user600@example.com,Amsterdam,2200.0,plain note 600,"a,b,c",true
601,User 601,user601@example.com,Bratislava,2237.1,plain note 601,solo,false
602,User 602,user602@example.com,Zürich,2274.2,"said ""hi"", then left",solo,true
603,User 603,user603@example.com,København,2311.3,plain note 603,"a,b,c",false
604,User 604,user604@example.com,Москва,2348.4,plain note 604,solo,true
605,User 605,user605@example.com,東京,2385.5,"line one
line two",solo,false
606,User 606,user606@example.com,Paris,2422.6,plain note 606,"a,b,c",true
607,User 607,user607@example.com,Lima,2459.7,plain note 607,solo,false
608,User 608,user608@example.com,Amsterdam,2496.8,plain note 608,solo,true
609,User 609,user609@example.com,Bratislava,2533.9,"said ""hi"", then left","a,b,c",false
610,User 610,user610@example.com,Zürich,2570.10,plain note 610,solo,true
611,User 611,user611@example.com,København,2607.11,plain note 611,solo,false
612,User 612,user612@example.com,Москва,2644.12,plain note 612,"a,b,c",true
613,User 613,user613@example.com,東京,2681.13,plain note 613,solo,false
614,User 614,user614@example.com,Paris,2718.14,plain note 614,solo,true
615,User 615,user615@example.com,Lima,2755.15,plain note 615,"a,b,c",false
616,User 616,user616@example.com,Amsterdam,2792.16,"said ""hi"", then left",solo,true
617,User 617,user617@example.com,Bratislava,2829.17,plain note 617,solo,false
618,User 618,user618@example.com,Zürich,2866.18,plain note 618,"a,b,c",true
619,User 619,user619@example.com,København,2903.19,plain note 619,solo,false
620,User 620,user620@example.com,Москва,2940.20,plain note 620,solo,true
621,User 621,user621@example.com,東京,2977.21,plain note 621,"a,b,c",false
622,User 622,user622@example.com,Paris,3014.22,plain note 622,solo,true
623,User 623,user623@example.com,Lima,3051.23,"said ""hi"", then left",solo,false
624,User 624,user624@example.com,Amsterdam,3088.24,plain note 624,"a,b,c",true
625,User 625,user625@example.com,Bratislava,3125.25,plain note 625,solo,false
626,User 626,user626@example.com,Zürich,3162.26,plain note 626,solo,true
627,User 627,user627@example.com,København,3199.27,"line one
line two","a,b,c",false
628,User 628,user628@example.com,Москва,3236.28,plain note 628,solo,true
629,User 629,user629@example.com,東京,3273.29,plain note 629,solo,false
630,User 630,user630@example.com,Paris,3310.30,"said ""hi"", then left","a,b,c",true
631,User 631,user631@example.com,Lima,3347.31,plain note 631,solo,false
632,User 632,user632@example.com,Amsterdam,3384.32,plain note 632,solo,true
633,User 633,user633@example.com,Bratislava,3421.33,plain note 633,"a,b,c",false
634,User 634,user634@example.com,Zürich,3458.34,plain note 634,solo,true
635,User 635,user635@example.com,København,3495.35,plain note 635,solo,false
636,User 636,user636@example.com,Москва,3532.36,plain note 636,"a,b,c",true
637,User 637,user637@example.com,東京,3569.37,"said ""hi"", then left",solo,false
638,User 638,user638@example.com,Paris,3606.38,"line one
line two",solo,true
639,User 639,user639@example.com,Lima,3643.39,plain note 639,"a,b,c",false
640,User 640,user640@example.com,Amsterdam,3680.40,plain note 640,solo,true
641,User 641,user641@example.com,Bratislava,3717.41,plain note 641,solo,false
642,User 642,user642@example.com,Zürich,3754.42,plain note 642,"a,b,c",true
643,User 643,user643@example.com,København,3791.43,plain note 643,solo,false
644,User 644,user644@example.com,Москва,3828.44,"said ""hi"", then left",solo,true
645,User 645,user645@example.com,東京,3865.45,plain note 645,"a,b,c",false
646,User 646,user646@example.com,Paris,3902.46,plain note 646,solo,true
647,User 647,user647@example.com,Lima,3939.47,plain note 647,solo,false
648,User 648,user648@example.com,Amsterdam,3976.48,plain note 648,"a,b,c",true
649,User 649,user649@example.com,Bratislava,4013.49,"line one
line two",solo,false
650,User 650,user650@example.com,Zürich,4050.50,plain note 650,solo,true
651,User 651,user651@example.com,København,4087.51,"said ""hi"", then left","a,b,c",false
652,User 652,user652@example.com,Москва,4124.52,plain note 652,solo,true
653,User 653,user653@example.com,東京,4161.53,plain note 653,solo,false
654,User 654,user654@example.com,Paris,4198.54,plain note 654,"a,b,c",true
655,User 655,user655@example.com,Lima,4235.55,plain note 655,solo,false
656,User 656,user656@example.com,Amsterdam,4272.56,plain note 656,solo,true
657,User 657,user657@example.com,Bratislava,4309.57,plain note 657,"a,b,c",false
658,User 658,user658@example.com,Zürich,4346.58,"said ""hi"", then left",solo,true
659,User 659,user659@example.com,København,4383.59,plain note 659,solo,false
660,User 660,user660@example.com,Москва,4420.60,"line one
line two","a,b,c",true
661,User 661,user661@example.com,東京,4457.61,plain note 661,solo,false
662,User 662,user662@example.com,Paris,4494.62,plain note 662,solo,true
663,User 663,user663@example.com,Lima,4531.63,plain note 663,"a,b,c",false
664,User 664,user664@example.com,Amsterdam,4568.64,plain note 664,solo,true
665,User 665,user665@example.com,Bratislava,4605.65,"said ""hi"", then left",solo,false
666,User 666,user666@example.com,Zürich,4642.66,plain note 666,"a,b,c",true
667,User 667,user667@example.com,København,4679.67,plain note 667,solo,false
668,User 668,user668@example.com,Москва,4716.68,plain note 668,solo,true
669,User 669,user669@example.com,東京,4753.69,plain note 669,"a,b,c",false
670,User 670,user670@example.com,Paris,4790.70,plain note 670,solo,true
671,User 671,user671@example.com,Lima,4827.71,"line one
line two",solo,false
672,User 672,user672@example.com,Amsterdam,4864.72,"said ""hi"", then left","a,b,c",true
673,User 673,user673@example.com,Bratislava,4901.73,plain note 673,solo,false
674,User 674,user674@example.com,Zürich,4938.74,plain note 674,solo,true
675,User 675,user675@example.com,København,4975.75,plain note 675,"a,b,c",false
676,User 676,user676@example.com,Москва,5012.76,plain note 676,solo,true
677,User 677,user677@example.com,東京,5049.77,plain note 677,solo,false
678,User 678,user678@example.com,Paris,5086.78,plain note 678,"a,b,c",true
679,User 679,user679@example.com,Lima,5123.79,"said ""hi"", then left",solo,false
680,User 680,user680@example.com,Amsterdam,5160.80,plain note 680,solo,true
681,User 681,user681@example.com,Bratislava,5197.81,plain note 681,"a,b,c",false
682,User 682,user682@example.com,Zürich,5234.82,"line one
line two",solo,true
683,User 683,user683@example.com,København,5271.83,plain note 683,solo,false
684,User 684,user684@example.com,Москва,5308.84,plain note 684,"a,b,c",true
685,User 685,user685@example.com,東京,5345.85,plain note 685,solo,false
686,User 686,user686@example.com,Paris,5382.86,"said ""hi"", then left",solo,true
687,User 687,user687@example.com,Lima,5419.87,plain note 687,"a,b,c",false
688,User 688,user688@example.com,Amsterdam,5456.88,plain note 688,solo,true
689,User 689,user689@example.com,Bratislava,5493.89,plain note 689,solo,false
690,User 690,user690@example.com,Zürich,5530.90,plain note 690,"a,b,c",true
691,User 691,user691@example.com,København,5567.91,plain note 691,solo,false
692,User 692,user692@example.com,Москва,5604.92,plain note 692,solo,true
693,User 693,user693@example.com,東京,5641.93,"said ""hi"", then left","a,b,c",false
694,User 694,user694@example.com,Paris,5678.94,plain note 694,solo,true
695,User 695,user695@example.com,Lima,5715.95,plain note 695,solo,false
696,User 696,user696@example.com,Amsterdam,5752.96,plain note 696,"a,b,c",true
697,User 697,user697@example.com,Bratislava,5789.97,plain note 697,solo,false
698,User 698,user698@example.com,Zürich,5826.98,plain note 698,solo,true
699,User 699,user699@example.com,København,5863.99,plain note 699,"a,b,c",false
700,User 700,user700@example.com,Москва,5900.0,"said ""hi"", then left",solo,true
701,User 701,user701@example.com,東京,5937.1,plain note 701,solo,false
702,User 702,user702@example.com,Paris,5974.2,plain note 702,"a,b,c",true
703,User 703,user703@example.com,Lima,6011.3,plain note 703,solo,false
704,User 704,user704@example.com,Amsterdam,6048.4,"line one
line two",solo,true
705,User 705,user705@example.com,Bratislava,6085.5,plain note 705,"a,b,c",false
706,User 706,user706@example.com,Zürich,6122.6,plain note 706,solo,true
707,User 707,user707@example.com,København,6159.7,"said ""hi"", then left",solo,false
708,User 708,user708@example.com,Москва,6196.8,plain note 708,"a,b,c",true
709,User 709,user709@example.com,東京,6233.9,plain note 709,solo,false
710,User 710,user710@example.com,Paris,6270.10,plain note 710,solo,true
711,User 711,user711@example.com,Lima,6307.11,plain note 711,"a,b,c",false
712,User 712,user712@example.com,Amsterdam,6344.12,plain note 712,solo,true
713,User 713,user713@example.com,Bratislava,6381.13,plain note 713,solo,false
714,User 714,user714@example.com,Zürich,6418.14,"said ""hi"", then left","a,b,c",true
715,User 715,user715@example.com,København,6455.15,"line one
line two",solo,false
716,User 716,user716@example.com,Москва,6492.16,plain note 716,solo,true
717,User 717,user717@example.com,東京,6529.17,plain note 717,"a,b,c",false
718,User 718,user718@example.com,Paris,6566.18,plain note 718,solo,true
719,User 719,user719@example.com,Lima,6603.19,plain note 719,solo,false
720,User 720,user720@example.com,Amsterdam,6640.20,plain note 720,"a,b,c",true
721,User 721,user721@example.com,Bratislava,6677.21,"said ""hi"", then left",solo,false
722,User 722,user722@example.com,Zürich,6714.22,plain note 722,solo,true
723,User 723,user723@example.com,København,6751.23,plain note 723,"a,b,c",false
724,User 724,user724@example.com,Москва,6788.24,plain note 724,solo,true
725,User 725,user725@example.com,東京,6825.25,plain note 725,solo,false
726,User 726,user726@example.com,Paris,6862.26,"line one
line two","a,b,c",true
727,User 727,user727@example.com,Lima,6899.27,plain note 727,solo,false
728,User 728,user728@example.com,Amsterdam,6936.28,"said ""hi"", then left",solo,true
729,User 729,user729@example.com,Bratislava,6973.29,plain note 729,"a,b,c",false
730,User 730,user730@example.com,Zürich,7010.30,plain note 730,solo,true
731,User 731,user731@example.com,København,7047.31,plain note 731,solo,false
732,User 732,user732@example.com,Москва,7084.32,plain note 732,"a,b,c",true
733,User 733,user733@example.com,東京,7121.33,plain note 733,solo,false
734,User 734,user734@example.com,Paris,7158.34,plain note 734,solo,true
735,User 735,user735@example.com,Lima,7195.35,"said ""hi"", then left","a,b,c",false
736,User 736,user736@example.com,Amsterdam,7232.36,plain note 736,solo,true
737,User 737,user737@example.com,Bratislava,7269.37,"line one
line two",solo,false
738,User 738,user738@example.com,Zürich,7306.38,plain note 738,"a,b,c",true
739,User 739,user739@example.com,København,7343.39,plain note 739,solo,false
740,User 740,user740@example.com,Москва,7380.40,plain note 740,solo,true
741,User 741,user741@example.com,東京,7417.41,plain note 741,"a,b,c",false
742,User 742,user742@example.com,Paris,7454.42,"said ""hi"", then left",solo,true
743,User 743,user743@example.com,Lima,7491.43,plain note 743,solo,false
744,User 744,user744@example.com,Amsterdam,7528.44,plain note 744,"a,b,c",true
745,User 745,user745@example.com,Bratislava,7565.45,plain note 745,solo,false
746,User 746,user746@example.com,Zürich,7602.46,plain note 746,solo,true
747,User 747,user747@example.com,København,7639.47,plain note 747,"a,b,c",false
748,User 748,user748@example.com,Москва,7676.48,"line one
line two",solo,true
749,User 749,user749@example.com,東京,7713.49,"said ""hi"", then left",solo,false
750,User 750,user750@example.com,Paris,7750.50,plain note 750,"a,b,c",true
751,User 751,user751@example.com,Lima,7787.51,plain note 751,solo,false
752,User 752,user752@example.com,Amsterdam,7824.52,plain note 752,solo,true
753,User 753,user753@example.com,Bratislava,7861.53,plain note 753,"a,b,c",false
754,User 754,user754@example.com,Zürich,7898.54,plain note 754,solo,true
755,User 755,user755@example.com,København,7935.55,plain note 755,solo,false
756,User 756,user756@example.com,Москва,7972.56,"said ""hi"", then left","a,b,c",true
757,User 757,user757@example.com,東京,8009.57,plain note 757,solo,false
758,User 758,user758@example.com,Paris,8046.58,plain note 758,solo,true
759,User 759,user759@example.com,Lima,8083.59,"line one
line two","a,b,c",false
760,User 760,user760@example.com,Amsterdam,8120.60,plain note 760,solo,true
761,User 761,user761@example.com,Bratislava,8157.61,plain note 761,solo,false
762,User 762,user762@example.com,Zürich,8194.62,plain note 762,"a,b,c",true
763,User 763,user763@example.com,København,8231.63,"said ""hi"", then left",solo,false
764,User 764,user764@example.com,Москва,8268.64,plain note 764,solo,true
765,User 765,user765@example.com,東京,8305.65,plain note 765,"a,b,c",false
766,User 766,user766@example.com,Paris,8342.66,plain note 766,solo,true
767,User 767,user767@example.com,Lima,8379.67,plain note 767,solo,false
768,User 768,user768@example.com,Amsterdam,8416.68,plain note 768,"a,b,c",true
769,User 769,user769@example.com,Bratislava,8453.69,plain note 769,solo,false
770,User 770,user770@example.com,Zürich,8490.70,"said ""hi"", then left",solo,true
771,User 771,user771@example.com,København,8527.71,plain note 771,"a,b,c",false
772,User 772,user772@example.com,Москва,8564.72,plain note 772,solo,true
773,User 773,user773@example.com,東京,8601.73,plain note 773,solo,false
774,User 774,user774@example.com,Paris,8638.74,plain note 774,"a,b,c",true
775,User 775,user775@example.com,Lima,8675.75,plain note 775,solo,false
776,User 776,user776@example.com,Amsterdam,8712.76,plain note 776,solo,true
777,User 777,user777@example.com,Bratislava,8749.77,"said ""hi"", then left","a,b,c",false
778,User 778,user778@example.com,Zürich,8786.78,plain note 778,solo,true
779,User 779,user779@example.com,København,8823.79,plain note 779,solo,false
780,User 780,user780@example.com,Москва,8860.80,plain note 780,"a,b,c",true
781,User 781,user781@example.com,東京,8897.81,"line one
line two",solo,false
782,User 782,user782@example.com,Paris,8934.82,plain note 782,solo,true
783,User 783,user783@example.com,Lima,8971.83,plain note 783,"a,b,c",false
784,User 784,user784@example.com,Amsterdam,9008.84,"said ""hi"", then left",solo,true
785,User 785,user785@example.com,Bratislava,9045.85,plain note 785,solo,false
786,User 786,user786@example.com,Zürich,9082.86,plain note 786,"a,b,c",true
787,User 787,user787@example.com,København,9119.87,plain note 787,solo,false
788,User 788,user788@example.com,Москва,9156.88,plain note 788,solo,true
789,User 789,user789@example.com,東京,9193.89,plain note 789,"a,b,c",false
790,User 790,user790@example.com,Paris,9230.90,plain note 790,solo,true
791,User 791,user791@example.com,Lima,9267.91,"said ""hi"", then left",solo,false
792,User 792,user792@example.com,Amsterdam,9304.92,"line one
line two","a,b,c",true
793,User 793,user793@example.com,Bratislava,9341.93,plain note 793,solo,false
794,User 794,user794@example.com,Zürich,9378.94,plain note 794,solo,true
795,User 795,user795@example.com,København,9415.95,plain note 795,"a,b,c",false
796,User 796,user796@example.com,Москва,9452.96,plain note 796,solo,true
797,User 797,user797@example.com,東京,9489.97,plain note 797,solo,false
798,User 798,user798@example.com,Paris,9526.98,"said ""hi"", then left","a,b,c",true
799,User 799,user799@example.com,Lima,9563.99,plain note 799,solo,false
800,User 800,user800@example.com,Amsterdam,9600.0,plain note 800,solo,true
801,User 801,user801@example.com,Bratislava,9637.1,plain note 801,"a,b,c",false
802,User 802,user802@example.com,Zürich,9674.2,plain note 802,solo,true
803,User 803,user803@example.com,København,9711.3,"line one
line two",solo,false
804,User 804,user804@example.com,Москва,9748.4,plain note 804,"a,b,c",true
805,User 805,user805@example.com,東京,9785.5,"said ""hi"", then left",solo,false
806,User 806,user806@example.com,Paris,9822.6,plain note 806,solo,true
807,User 807,user807@example.com,Lima,9859.7,plain note 807,"a,b,c",false
808,User 808,user808@example.com,Amsterdam,9896.8,plain note 808,solo,true
809,User 809,user809@example.com,Bratislava,9933.9,plain note 809,solo,false
810,User 810,user810@example.com,Zürich,9970.10,plain note 810,"a,b,c",true
811,User 811,user811@example.com,København,7.11,plain note 811,solo,false
812,User 812,user812@example.com,Москва,44.12,"said ""hi"", then left",solo,true
813,User 813,user813@example.com,東京,81.13,plain note 813,"a,b,c",false
814,User 814,user814@example.com,Paris,118.14,"line one
line two",solo,true
815,User 815,user815@example.com,Lima,155.15,plain note 815,solo,false
816,User 816,user816@example.com,Amsterdam,192.16,plain note 816,"a,b,c",true
817,User 817,user817@example.com,Bratislava,229.17,plain note 817,solo,false
818,User 818,user818@example.com,Zürich,266.18,plain note 818,solo,true
819,User 819,user819@example.com,København,303.19,"said ""hi"", then left","a,b,c",false
820,User 820,user820@example.com,Москва,340.20,plain note 820,solo,true
821,User 821,user821@example.com,東京,377.21,plain note 821,solo,false
822,User 822,user822@example.com,Paris,414.22,plain note 822,"a,b,c",true
823,User 823,user823@example.com,Lima,451.23,plain note 823,solo,false
824,User 824,user824@example.com,Amsterdam,488.24,plain note 824,solo,true
825,User 825,user825@example.com,Bratislava,525.25,"line one
line two","a,b,c",false
826,User 826,user826@example.com,Zürich,562.26,"said ""hi"", then left",solo,true
827,User 827,user827@example.com,København,599.27,plain note 827,solo,false
828,User 828,user828@example.com,Москва,636.28,plain note 828,"a,b,c",true
829,User 829,user829@example.com,東京,673.29,plain note 829,solo,false
830,User 830,user830@example.com,Paris,710.30,plain note 830,solo,true
831,User 831,user831@example.com,Lima,747.31,plain note 831,"a,b,c",false
832,User 832,user832@example.com,Amsterdam,784.32,plain note 832,solo,true
833,User 833,user833@example.com,Bratislava,821.33,"said ""hi"", then left",solo,false
834,User 834,user834@example.com,Zürich,858.34,plain note 834,"a,b,c",true
835,User 835,user835@example.com,København,895.35,plain note 835,solo,false
836,User 836,user836@example.com,Москва,932.36,"line one
line two",solo,true
837,User 837,user837@example.com,東京,969.37,plain note 837,"a,b,c",false
838,User 838,user838@example.com,Paris,1006.38,plain note 838,solo,true
839,User 839,user839@example.com,Lima,1043.39,plain note 839,solo,false
840,User 840,user840@example.com,Amsterdam,1080.40,"said ""hi"", then left","a,b,c",true
841,User 841,user841@example.com,Bratislava,1117.41,plain note 841,solo,false
842,User 842,user842@example.com,Zürich,1154.42,plain note 842,solo,true
843,User 843,user843@example.com,København,1191.43,plain note 843,"a,b,c",false
844,User 844,user844@example.com,Москва,1228.44,plain note 844,solo,true
845,User 845,user845@example.com,東京,1265.45,plain note 845,solo,false
846,User 846,user846@example.com,Paris,1302.46,plain note 846,"a,b,c",true
847,User 847,user847@example.com,Lima,1339.47,"said ""hi"", then left",solo,false
848,User 848,user848@example.com,Amsterdam,1376.48,plain note 848,solo,true
849,User 849,user849@example.com,Bratislava,1413.49,plain note 849,"a,b,c",false
850,User 850,user850@example.com,Zürich,1450.50,plain note 850,solo,true
851,User 851,user851@example.com,København,1487.51,plain note 851,solo,false
852,User 852,user852@example.com,Москва,1524.52,plain note 852,"a,b,c",true
853,User 853,user853@example.com,東京,1561.53,plain note 853,solo,false
854,User 854,user854@example.com,Paris,1598.54,"said ""hi"", then left",solo,true
855,User 855,user855@example.com,Lima,1635.55,plain note 855,"a,b,c",false
856,User 856,user856@example.com,Amsterdam,1672.56,plain note 856,solo,true
857,User 857,user857@example.com,Bratislava,1709.57,plain note 857,solo,false
858,User 858,user858@example.com,Zürich,1746.58,"line one
line two","a,b,c",true
859,User 859,user859@example.com,København,1783.59,plain note 859,solo,false
860,User 860,user860@example.com,Москва,1820.60,plain note 860,solo,true
861,User 861,user861@example.com,東京,1857.61,"said ""hi"", then left","a,b,c",false
862,User 862,user862@example.com,Paris,1894.62,plain note 862,solo,true
863,User 863,user863@example.com,Lima,1931.63,plain note 863,solo,false
864,User 864,user864@example.com,Amsterdam,1968.64,plain note 864,"a,b,c",true
865,User 865,user865@example.com,Bratislava,2005.65,plain note 865,solo,false
866,User 866,user866@example.com,Zürich,2042.66,plain note 866,solo,true
867,User 867,user867@example.com,København,2079.67,plain note 867,"a,b,c",false
868,User 868,user868@example.com,Москва,2116.68,"said ""hi"", then left",solo,true
869,User 869,user869@example.com,東京,2153.69,"line one
line two",solo,false
870,User 870,user870@example.com,Paris,2190.70,plain note 870,"a,b,c",true
871,User 871,user871@example.com,Lima,2227.71,plain note 871,solo,false
872,User 872,user872@example.com,Amsterdam,2264.72,plain note 872,solo,true
873,User 873,user873@example.com,Bratislava,2301.73,plain note 873,"a,b,c",false
874,User 874,user874@example.com,Zürich,2338.74,plain note 874,solo,true
875,User 875,user875@example.com,København,2375.75,"said ""hi"", then left",solo,false
876,User 876,user876@example.com,Москва,2412.76,plain note 876,"a,b,c",true
877,User 877,user877@example.com,東京,2449.77,plain note 877,solo,false
878,User 878,user878@example.com,Paris,2486.78,plain note 878,solo,true
879,User 879,user879@example.com,Lima,2523.79,plain note 879,"a,b,c",false
880,User 880,user880@example.com,Amsterdam,2560.80,"line one
line two",solo,true
881,User 881,user881@example.com,Bratislava,2597.81,plain note 881,solo,false
882,User 882,user882@example.com,Zürich,2634.82,"said ""hi"", then left","a,b,c",true
883,User 883,user883@example.com,København,2671.83,plain note 883,solo,false
884,User 884,user884@example.com,Москва,2708.84,plain note 884,solo,true
885,User 885,user885@example.com,東京,2745.85,plain note 885,"a,b,c",false
886,User 886,user886@example.com,Paris,2782.86,plain note 886,solo,true
887,User 887,user887@example.com,Lima,2819.87,plain note 887,solo,false
888,User 888,user888@example.com,Amsterdam,2856.88,plain note 888,"a,b,c",true
889,User 889,user889@example.com,Bratislava,2893.89,"said ""hi"", then left",solo,false
890,User 890,user890@example.com,Zürich,2930.90,plain note 890,solo,true
891,User 891,user891@example.com,København,2967.91,"line one
line two","a,b,c",false
892,User 892,user892@example.com,Москва,3004.92,plain note 892,solo,true
893,User 893,user893@example.com,東京,3041.93,plain note 893,solo,false
894,User 894,user894@example.com,Paris,3078.94,plain note 894,"a,b,c",true
895,User 895,user895@example.com,Lima,3115.95,plain note 895,solo,false
896,User 896,user896@example.com,Amsterdam,3152.96,"said ""hi"", then left",solo,true
897,User 897,user897@example.com,Bratislava,3189.97,plain note 897,"a,b,c",false
898,User 898,user898@example.com,Zürich,3226.98,plain note 898,solo,true
899,User 899,user899@example.com,København,3263.99,plain note 899,solo,false
900,User 900,user900@example.com,Москва,3300.0,plain note 900,"a,b,c",true
901,User 901,user901@example.com,東京,3337.1,plain note 901,solo,false
902,User 902,user902@example.com,Paris,3374.2,"line one
line two",solo,true
903,User 903,user903@example.com,Lima,3411.3,"said ""hi"", then left","a,b,c",false
904,User 904,user904@example.com,Amsterdam,3448.4,plain note 904,solo,true
905,User 905,user905@example.com,Bratislava,3485.5,plain note 905,solo,false
906,User 906,user906@example.com,Zürich,3522.6,plain note 906,"a,b,c",true
907,User 907,user907@example.com,København,3559.7,plain note 907,solo,false
908,User 908,user908@example.com,Москва,3596.8,plain note 908,solo,true
909,User 909,user909@example.com,東京,3633.9,plain note 909,"a,b,c",false
910,User 910,user910@example.com,Paris,3670.10,"said ""hi"", then left",solo,true
911,User 911,user911@example.com,Lima,3707.11,plain note 911,solo,false
912,User 912,user912@example.com,Amsterdam,3744.12,plain note 912,"a,b,c",true
913,User 913,user913@example.com,Bratislava,3781.13,"line one
line two",solo,false
914,User 914,user914@example.com,Zürich,3818.14,plain note 914,solo,true
915,User 915,user915@example.com,København,3855.15,plain note 915,"a,b,c",false
916,User 916,user916@example.com,Москва,3892.16,plain note 916,solo,true
917,User 917,user917@example.com,東京,3929.17,"said ""hi"", then left",solo,false
918,User 918,user918@example.com,Paris,3966.18,plain note 918,"a,b,c",true
919,User 919,user919@example.com,Lima,4003.19,plain note 919,solo,false
920,User 920,user920@example.com,Amsterdam,4040.20,plain note 920,solo,true
921,User 921,user921@example.com,Bratislava,4077.21,plain note 921,"a,b,c",false
922,User 922,user922@example.com,Zürich,4114.22,plain note 922,solo,true
923,User 923,user923@example.com,København,4151.23,plain note 923,solo,false
924,User 924,user924@example.com,Москва,4188.24,"said ""hi"", then left","a,b,c",true
925,User 925,user925@example.com,東京,4225.25,plain note 925,solo,false
926,User 926,user926@example.com,Paris,4262.26,plain note 926,solo,true
927,User 927,user927@example.com,Lima,4299.27,plain note 927,"a,b,c",false
928,User 928,user928@example.com,Amsterdam,4336.28,plain note 928,solo,true
929,User 929,user929@example.com,Bratislava,4373.29,plain note 929,solo,false
930,User 930,user930@example.com,Zürich,4410.30,plain note 930,"a,b,c",true
931,User 931,user931@example.com,København,4447.31,"said ""hi"", then left",solo,false
932,User 932,user932@example.com,Москва,4484.32,plain note 932,solo,true
933,User 933,user933@example.com,東京,4521.33,plain note 933,"a,b,c",false
934,User 934,user934@example.com,Paris,4558.34,plain note 934,solo,true
935,User 935,user935@example.com,Lima,4595.35,"line one
line two",solo,false
936,User 936,user936@example.com,Amsterdam,4632.36,plain note 936,"a,b,c",true
937,User 937,user937@example.com,Bratislava,4669.37,plain note 937,solo,false
938,User 938,user938@example.com,Zürich,4706.38,"said ""hi"", then left",solo,true
939,User 939,user939@example.com,København,4743.39,plain note 939,"a,b,c",false
940,User 940,user940@example.com,Москва,4780.40,plain note 940,solo,true
941,User 941,user941@example.com,東京,4817.41,plain note 941,solo,false
942,User 942,user942@example.com,Paris,4854.42,plain note 942,"a,b,c",true
943,User 943,user943@example.com,Lima,4891.43,plain note 943,solo,false
944,User 944,user944@example.com,Amsterdam,4928.44,plain note 944,solo,true
945,User 945,user945@example.com,Bratislava,4965.45,"said ""hi"", then left","a,b,c",false
946,User 946,user946@example.com,Zürich,5002.46,"line one
line two",solo,true
947,User 947,user947@example.com,København,5039.47,plain note 947,solo,false
948,User 948,user948@example.com,Москва,5076.48,plain note 948,"a,b,c",true
949,User 949,user949@example.com,東京,5113.49,plain note 949,solo,false
950,User 950,user950@example.com,Paris,5150.50,plain note 950,solo,true
951,User 951,user951@example.com,Lima,5187.51,plain note 951,"a,b,c",false
952,User 952,user952@example.com,Amsterdam,5224.52,"said ""hi"", then left",solo,true
953,User 953,user953@example.com,Bratislava,5261.53,plain note 953,solo,false
954,User 954,user954@example.com,Zürich,5298.54,plain note 954,"a,b,c",true
955,User 955,user955@example.com,København,5335.55,plain note 955,solo,false
956,User 956,user956@example.com,Москва,5372.56,plain note 956,solo,true
957,User 957,user957@example.com,東京,5409.57,"line one
line two","a,b,c",false
958,User 958,user958@example.com,Paris,5446.58,plain note 958,solo,true
959,User 959,user959@example.com,Lima,5483.59,"said ""hi"", then left",solo,false
960,User 960,user960@example.com,Amsterdam,5520.60,plain note 960,"a,b,c",true
961,User 961,user961@example.com,Bratislava,5557.61,plain note 961,solo,false
962,User 962,user962@example.com,Zürich,5594.62,plain note 962,solo,true
963,User 963,user963@example.com,København,5631.63,plain note 963,"a,b,c",false
964,User 964,user964@example.com,Москва,5668.64,plain note 964,solo,true
965,User 965,user965@example.com,東京,5705.65,plain note 965,solo,false
966,User 966,user966@example.com,Paris,5742.66,"said ""hi"", then left","a,b,c",true
967,User 967,user967@example.com,Lima,5779.67,plain note 967,solo,false
968,User 968,user968@example.com,Amsterdam,5816.68,"line one
line two",solo,true
969,User 969,user969@example.com,Bratislava,5853.69,plain note 969,"a,b,c",false
970,User 970,user970@example.com,Zürich,5890.70,plain note 970,solo,true
971,User 971,user971@example.com,København,5927.71,plain note 971,solo,false
972,User 972,user972@example.com,Москва,5964.72,plain note 972,"a,b,c",true
973,User 973,user973@example.com,東京,6001.73,"said ""hi"", then left",solo,false
974,User 974,user974@example.com,Paris,6038.74,plain note 974,solo,true
975,User 975,user975@example.com,Lima,6075.75,plain note 975,"a,b,c",false
976,User 976,user976@example.com,Amsterdam,6112.76,plain note 976,solo,true
977,User 977,user977@example.com,Bratislava,6149.77,plain note 977,solo,false
978,User 978,user978@example.com,Zürich,6186.78,plain note 978,"a,b,c",true
979,User 979,user979@example.com,København,6223.79,"line one
line two",solo,false
980,User 980,user980@example.com,Москва,6260.80,"said ""hi"", then left",solo,true
981,User 981,user981@example.com,東京,6297.81,plain note 981,"a,b,c",false
982,User 982,user982@example.com,Paris,6334.82,plain note 982,solo,true
983,User 983,user983@example.com,Lima,6371.83,plain note 983,solo,false
984,User 984,user984@example.com,Amsterdam,6408.84,plain note 984,"a,b,c",true
985,User 985,user985@example.com,Bratislava,6445.85,plain note 985,solo,false
986,User 986,user986@example.com,Zürich,6482.86,plain note 986,solo,true
987,User 987,user987@example.com,København,6519.87,"said ""hi"", then left","a,b,c",false
988,User 988,user988@example.com,Москва,6556.88,plain note 988,solo,true
989,User 989,user989@example.com,東京,6593.89,plain note 989,solo,false
990,User 990,user990@example.com,Paris,6630.90,"line one
line two","a,b,c",true
991,User 991,user991@example.com,Lima,6667.91,plain note 991,solo,false
992,User 992,user992@example.com,Amsterdam,6704.92,plain note 992,solo,true
993,User 993,user993@example.com,Bratislava,6741.93,plain note 993,"a,b,c",false
994,User 994,user994@example.com,Zürich,6778.94,"said ""hi"", then left",solo,true
995,User 995,user995@example.com,København,6815.95,plain note 995,solo,false
996,User 996,user996@example.com,Москва,6852.96,plain note 996,"a,b,c",true
997,User 997,user997@example.com,東京,6889.97,plain note 997,solo,false
998,User 998,user998@example.com,Paris,6926.98,plain note 998,solo,true
999,User 999,user999@example.com,Lima,6963.99,plain note 999,"a,b,c",false
